StudentFirstName,StudentLastName,StudentCollege,HostelRoom
amit,KUMAR,IIT,kumar/amit/867
priya ,SHARMA,NIT,sharma/priya /886
rahul,SINGH,DU,singh/rahul/905
neha, GUPTA,IIM, gupta/neha/906
ravi,VERMA,BITS,verma/ravi/602
ananya, PATEL,AIIMS, patel/ananya/713
suresh ,MENON,IISC,menon/suresh /500
kavita,REDDY,JNU,reddy/kavita/566
arjun, SHARMA,IIFT, sharma/arjun/681
meera ,SINGH,ISI,singh/meera /598